[
  {
    "_id": "5da4b9dd95987c2364a67k63",
    "type": "sort",
    "name": "сначала дешевле",
    "date": "2019-10-14T18:09:33.813Z",
    "__v": 0
  },
  {
    "_id": "5da4b9dd95987c2364a67c13",
    "type": "sort",
    "name": "по популярности",
    "date": "2019-10-14T18:09:33.813Z",
    "__v": 0
  },
  {
    "_id": "5da4b9dd95987c2364a67a13",
    "type": "sort",
    "name": "по названию",
    "date": "2019-10-14T18:09:33.813Z",
    "__v": 0
  },
  {
    "_id": "5da4b9dd95987c2364a67b13",
    "type": "Бренд",
    "name": "Apple",
    "date": "2019-10-14T18:09:33.813Z",
    "__v": 0
  },
  {
    "_id": "5da4b9dd95987c2364a67b23",
    "type": "Бренд",
    "name": "Samsung",
    "date": "2019-10-14T18:09:33.813Z",
    "__v": 0
  },
  {
    "_id": "5da4b9dd95987c2364a67b33",
    "type": "Бренд",
    "name": "Huawei",
    "date": "2019-10-14T18:09:33.813Z",
    "__v": 0
  },
  {
    "_id": "5da4b9dd95987c2364a67b53",
    "type": "Бренд",
    "name": "Carming",
    "date": "2019-10-14T18:09:33.813Z",
    "__v": 0
  },
  {
    "_id": "5da4b9dd95987c2364a67b41",
    "type": "Бренд",
    "name": "Amazfit",
    "date": "2019-10-14T18:09:33.813Z",
    "__v": 0
  },
  {
    "_id": "5da4b9dd95987c2364a67b42",
    "type": "Бренд",
    "name": "Smart",
    "date": "2019-10-14T18:09:33.813Z",
    "__v": 0
  },
  {
    "_id": "5da4b9dd95987c2364a67b43",
    "type": "Бренд",
    "name": "Fitbit",
    "date": "2019-10-14T18:09:33.813Z",
    "__v": 0
  },
  {
    "_id": "5da4b9dd95987c2364a67l73",
    "type": "Наличие",
    "name": "В наличии",
    "date": "2019-10-14T18:09:33.813Z",
    "__v": 0
  },
  {
    "_id": "5da4b9dd95987c2364a67b43",
    "type": "Иконки",
    "name": "Новинка",
    "date": "2019-10-14T18:09:33.813Z",
    "__v": 0
  },
  {
    "_id": "5da4b9dd95987c2364a67n67",
    "type": "Иконки",
    "name": "Хит",
    "date": "2019-10-14T18:09:33.813Z",
    "__v": 0
  },
  {
    "_id": "5da4b9dd95987c2364a67r46",
    "type": "Стать",
    "name": "Man",
    "date": "2019-10-14T18:09:33.813Z",
    "__v": 0
  },
  {
    "_id": "5da4b9dd95987c2364a67r32",
    "type": "Стать",
    "name": "Women",
    "date": "2019-10-14T18:09:33.813Z",
    "__v": 0
  },
  {
    "_id": "5da4b9dd95987c2364a67r35",
    "type": "Стать",
    "name": "kids",
    "date": "2019-10-14T18:09:33.813Z",
    "__v": 0
  },
  {
    "_id": "5da4b9dd95987c2364a67m98",
    "type": "Цена",
    "date": "2019-10-14T18:09:33.813Z",
    "__v": 0
  }
]
