[
  {
    "enabled": true,
    "imageUrls": [
      "https://design109.horoshop.ua/content/images/19/390x390l80mc0/smart-chasy-xiaomi-amazfit-verge-blue-84882568987681.jpg"
    ],
    "isNew": true,
    "quantity": 40,
    "_id": "5d73ad04fcad90130470f08b",
    "name": "XIAOMI Amazfit Verge Blue XIAOMI Amazfit Verge Blue XIAOMI Amazfit Verge Blue XIAOMI Amazfit Verge Blue",
    "currentPrice": 3599,
    "categories": "men",
    "color": "blue",
    "productUrl": "/men",
    "brand": "Xiaomi",
    "myCustomParam": {
      "display": "1.3 \", 360x360 пикс, AMOLED",
      "housing": "пластик, защита IP68",
      "alerts": "звуковой сигнал, вибросигнал, о вызовах, о сообщениях",
      "sports": "пульсометр, барометр, компас"
    },
    "itemNo": "123512",
    "date": "2019-10-14T12:00:39.679Z",
    "__v": 0
  },
  {
    "enabled": true,
    "imageUrls": [
      "https://design109.horoshop.ua/content/images/17/390x390l80mc0/smart-chasy-samsung-galaxy-watch-46mm-silver-sm-r800nzsasek-85420148595511.jpg"
    ],
    "isNew": true,
    "quantity": 40,
    "_id": "5d73ad2bfcad90130470f08c",
    "name": "Samsung Galaxy Watch 46мм Silver",
    "currentPrice": 9499,
    "previousPrice": 9999,
    "categories": "men",
    "color": "black",
    "productUrl": "/men",
    "brand": "Samsung",
    "myCustomParam": {
      "display": "1.4 \", 360х360 пикс, AMOLED",
      "housing": "сталь, защита IP68",
      "alerts": "звуковой сигнал, вибросигнал, о вызовах, о сообщениях",
      "sports": "пульсометр, барометр, умный будильник"
    },
    "itemNo": "459745",
    "date": "2019-10-14T12:00:39.679Z",
    "__v": 0
  },
  {
    "enabled": true,
    "imageUrls": [
      "https://design109.horoshop.ua/content/images/18/500x500l80mc0/smart-chasy-huawei-watch-gt-classic-22011108568480.jpg"
    ],
    "isNew": false,
    "quantity": 40,
    "_id": "5d73ad2bfcad90130470f08c",
    "name": "HUAWEI Watch GT Classic ",
    "currentPrice": 5999,
    "categories": "men",
    "color": "black",
    "productUrl": "/men",
    "brand": "Huawei",
    "myCustomParam": {
      "display": "1.4 \", 360х360 пикс, AMOLED",
      "housing": "сталь, защита IP68",
      "alerts": "звуковой сигнал, вибросигнал, о вызовах, о сообщениях",
      "sports": "пульсометр, барометр, умный будильник"
    },
    "itemNo": "954876",
    "date": "2019-10-14T12:00:39.679Z",
    "__v": 0
  },
  {
    "enabled": true,
    "imageUrls": [
      "https://design109.horoshop.ua/content/images/21/500x500l80mc0/smart-chasy-garmin-forerunner-235-86499189752894.jpg"
    ],
    "isNew": false,
    "quantity": 40,
    "_id": "5d73ad2bfcad90130470f08c",
    "name": "GARMIN Forerunner 235",
    "currentPrice": 9999,
    "categories": "men",
    "color": "black",
    "productUrl": "/men",
    "brand": "Garming",
    "myCustomParam": {
      "display": "1.4 \", 360х360 пикс, AMOLED",
      "housing": "сталь, защита IP68",
      "alerts": "звуковой сигнал, вибросигнал, о вызовах, о сообщениях",
      "sports": "пульсометр, барометр, умный будильник"
    },
    "itemNo": "154876",
    "date": "2019-10-14T12:00:39.679Z",
    "__v": 0
  },
  {
    "enabled": true,
    "imageUrls": [
      "https://design109.horoshop.ua/content/images/16/500x500l80mc0/smart-chasy-apple-watch-series-4-40mm-gold-aluminium-with-pink-sand-sport-band-17802334110129.jpg"
    ],
    "isNew": true,
    "quantity": 40,
    "_id": "5d73ad2bfcad90130470f08c",
    "name": "Samsung Galaxy Watch 46мм Silver",
    "currentPrice": 12999,
    "previousPrice": 14599,
    "categories": "women",
    "color": "pink",
    "productUrl": "/women",
    "brand": "Apple",
    "myCustomParam": {
      "display": "1.4 \", 360х360 пикс, AMOLED",
      "housing": "сталь, защита IP68",
      "alerts": "звуковой сигнал, вибросигнал, о вызовах, о сообщениях",
      "sports": "пульсометр, барометр, умный будильник"
    },
    "itemNo": "291759",
    "date": "2019-10-14T12:00:39.679Z",
    "__v": 0
  },
  {
    "enabled": true,
    "imageUrls": [
      "https://design109.horoshop.ua/content/images/20/500x500l80mc0/smart-chasy-samsung-galaxy-watch-active-2-40mm-aluminium-pink-gold-27014789373391.jpg"
    ],
    "isNew": false,
    "quantity": 40,
    "_id": "5d73ad2bfcad90130470f08c",
    "name": "SAMSUNG Galaxy Watch Active 2 40mm Pink Gold",
    "currentPrice": 9499,
    "previousPrice": 9999,
    "categories": "women",
    "color": "pink",
    "productUrl": "/women",
    "brand": "Samsung",
    "myCustomParam": {
      "display": "1.4 \", 360х360 пикс, AMOLED",
      "housing": "сталь, защита IP68",
      "alerts": "звуковой сигнал, вибросигнал, о вызовах, о сообщениях",
      "sports": "пульсометр, барометр, умный будильник"
    },
    "itemNo": "458795",
    "date": "2019-10-14T12:00:39.679Z",
    "__v": 0
  },
  {
    "enabled": true,
    "imageUrls": [
      "https://design109.horoshop.ua/content/images/22/640x599l80mc0/detskie-vodonepronitsaemye-umnye-chasy-s-gps-smart-baby-ds-05-blue-83544977450073.jpg"
    ],
    "isNew": true,
    "quantity": 40,
    "_id": "5d73ad2bfcad90130470f08c",
    "name": "Smart baby DS-05 Blue",
    "currentPrice": 999,
    "categories": "kids",
    "color": "blue",
    "productUrl": "/kids",
    "brand": "Smart",
    "myCustomParam": {
      "display": "1.4 \", 360х360 пикс, AMOLED",
      "housing": "сталь, защита IP68",
      "alerts": "звуковой сигнал, вибросигнал, о вызовах, о сообщениях",
      "sports": "пульсометр, барометр, умный будильник"
    },
    "itemNo": "545789",
    "date": "2019-10-14T12:00:39.679Z",
    "__v": 0
  },
  {
    "enabled": true,
    "imageUrls": [
      "https://design109.horoshop.ua/content/images/23/604x630l80mc0/milanskiy-setchatyy-remeshok-dlya-chasov-fitbit-blaze-black-84073171452125.jpg"
    ],
    "isNew": false,
    "quantity": 40,
    "_id": "5d73ad2bfcad90130470f08c",
    "name": "Fitbit Blaze - Black",
    "currentPrice": 499,
    "categories": "accessories",
    "color": "black",
    "productUrl": "/accessories",
    "brand": "Fitbit",
    "itemNo": "789848",
    "date": "2019-10-14T12:00:39.679Z",
    "__v": 0
  },
  {
    "enabled": true,
    "imageUrls": [
      "https://design109.horoshop.ua/content/images/20/500x500l80mc0/smart-chasy-samsung-galaxy-watch-active-2-40mm-aluminium-pink-gold-27014789373391.jpg"
    ],
    "isNew": false,
    "quantity": 40,
    "_id": "5d73ad2bfcad90130470f08c",
    "name": "SAMSUNG Galaxy Watch Active 2 40mm Pink Gold",
    "currentPrice": 9499,
    "previousPrice": 9999,
    "categories": "women",
    "color": "pink",
    "productUrl": "/women",
    "brand": "Samsung",
    "myCustomParam": {
      "display": "1.4 \", 360х360 пикс, AMOLED",
      "housing": "сталь, защита IP68",
      "alerts": "звуковой сигнал, вибросигнал, о вызовах, о сообщениях",
      "sports": "пульсометр, барометр, умный будильник"
    },
    "itemNo": "789456",
    "date": "2019-10-14T12:00:39.679Z",
    "__v": 0
  }
]
